,human,mouse,zebrafish,drosophila,c.elegans,ciliate,yeast,methanocaldococcus,thermococcus,e.coli,tuberculosis
H2A,90.30627305107636,83.34008379993016,80.97469413473523,68.63078414258986,66.18508681872493,56.61083391563547,62.0515870342214,3.0,0.8239087409443188,-0.07918124604762482,0.3979400086720376
H2B,86.5451551399915,82.93930215964639,70.73282827159699,58.481486060122116,64.27736607746618,48.71896663275227,56.51286162452281,-0.414973347970818,0.7695510786217261,-0.25527250510330607,-0.3424226808222063
H3,95.65955588515988,95.81247927916354,94.75202673363819,95.02733440773389,93.35066514128786,85.07520400420209,86.48017200622428,1.4685210829577449,1.2441251443275085,0.045757490560675115,-0.6627578316815741
H4,66.96257350205937,67.11918640771921,67.94692155651659,67.09582563171584,67.21112488422459,44.707743928643524,51.96657624451305,4.0851281824599495,4.480172006224281,-0.11394335230683678,1.1611509092627446
kdm4a,300.0,300.0,300.0,158.61618463401956,99.79860287567955,77.21395878975744,74.27736607746618,1.8239087409443189,-0.7923916894982539,0.744727494896694,-0.7323937598229685
